subset	model	method	topk_detection_precision	topk_detection_recall	topk_detection_f1	topk_detection_hit_rate	conformal_detection_precision	conformal_detection_recall	conformal_detection_f1	conformal_detection_hit_rate	acc@1	acc@2	acc@3	mrr@3	tol_acc@1	tol_acc@2	tol_acc@3	tol_acc@4	tol_acc@5	auroc	auprc	n
arc	deepseek-8b	oat.s42	0.7917	0.8651	0.8103	0.8651	0.8036	0.8553	0.8133	0.8553	0.8158	0.8388	0.8651	0.8361	0.8553	0.8816	0.8947	0.9178	0.9243	0.7816	0.4253	304
arc	deepseek-8b	oat.s43	0.7917	0.8651	0.8103	0.8651	0.8047	0.8520	0.8140	0.8520	0.8125	0.8388	0.8651	0.8344	0.8487	0.8717	0.8849	0.9112	0.9178	0.8110	0.4630	304
arc	deepseek-8b	oat.s44	0.7917	0.8651	0.8103	0.8651	0.8084	0.8520	0.8169	0.8520	0.8158	0.8355	0.8651	0.8355	0.8586	0.8816	0.8947	0.9178	0.9211	0.7665	0.4096	304
arc	deepseek-8b	oat.s45	0.7928	0.8684	0.8120	0.8684	0.8148	0.8553	0.8231	0.8553	0.8224	0.8388	0.8684	0.8405	0.8618	0.8849	0.8980	0.9211	0.9276	0.8053	0.4554	304
arc	deepseek-8b	oat.s46	0.7906	0.8618	0.8087	0.8618	0.8048	0.8520	0.8135	0.8520	0.8158	0.8421	0.8618	0.8355	0.8553	0.8849	0.8980	0.9243	0.9276	0.7796	0.4191	304
arc	deepseek-8b	stepfinder.s42	0.4128	0.8618	0.5565	0.8618					0.7368	0.8224	0.8618	0.7928	0.8651	0.9178	0.9441	0.9539	0.9638	0.8926	0.8337	304
arc	deepseek-8b	stepfinder.s43	0.4161	0.8717	0.5614	0.8717					0.4868	0.8257	0.8717	0.6716	0.8750	0.9112	0.9309	0.9441	0.9671	0.8509	0.5212	304
arc	deepseek-8b	stepfinder.s44	0.4008	0.8257	0.5384	0.8257					0.6546	0.8125	0.8257	0.7379	0.8092	0.9079	0.9145	0.9605	0.9704	0.8541	0.7811	304
arc	deepseek-8b	stepfinder.s45	0.4019	0.8289	0.5400	0.8289					0.6250	0.8059	0.8289	0.7231	0.8224	0.8849	0.9375	0.9474	0.9671	0.8610	0.7705	304
arc	deepseek-8b	stepfinder.s46	0.4019	0.8289	0.5400	0.8289					0.6678	0.7993	0.8289	0.7434	0.8421	0.8914	0.9178	0.9309	0.9441	0.8662	0.7900	304
arc	qwen3-embedding-0.6b	stepfinder.e1	0.4163	0.8732	0.5618	0.8732					0.8263	0.8545	0.8732	0.8466	0.8545	0.8685	0.9014	0.9155	0.9202	0.9324	0.8991	213
arc	qwen3-embedding-0.6b	stepfinder.e2	0.4069	0.8592	0.5501	0.8592					0.8122	0.8498	0.8592	0.8341	0.8451	0.8451	0.8732	0.8732	0.8826	0.9176	0.8839	213
arc	qwen3-embedding-0.6b	stepfinder.e3	0.4100	0.8592	0.5532	0.8592					0.8075	0.8451	0.8592	0.8310	0.8451	0.8545	0.8732	0.8873	0.8967	0.9326	0.8935	213
arc	qwen3-embedding-0.6b	stepfinder.s42	0.3997	0.8224	0.5367	0.8224					0.4638	0.8125	0.8224	0.6414	0.8388	0.8586	0.8914	0.9112	0.9408	0.8310	0.5502	304
arc	qwen3-embedding-0.6b	stepfinder.s43	0.4073	0.8454	0.5482	0.8454					0.4375	0.8257	0.8454	0.6382	0.8421	0.8586	0.9112	0.9342	0.9671	0.8291	0.4623	304
arc	qwen3-embedding-0.6b	stepfinder.s44	0.4106	0.8553	0.5532	0.8553					0.6316	0.8388	0.8553	0.7407	0.8487	0.8651	0.9211	0.9342	0.9572	0.8712	0.7323	304
arc	qwen3-embedding-0.6b	stepfinder.s45	0.4073	0.8454	0.5482	0.8454					0.5263	0.8257	0.8454	0.6826	0.8388	0.8684	0.9013	0.9112	0.9605	0.8455	0.5881	304
arc	qwen3-embedding-0.6b	stepfinder.s46	0.4041	0.8355	0.5433	0.8355					0.6086	0.8026	0.8355	0.7166	0.8289	0.8520	0.8882	0.9046	0.9408	0.8518	0.7043	304
arc	qwen3.5-9b	oat.s42	0.7851	0.8454	0.8004	0.8454	0.8157	0.8454	0.8222	0.8454	0.8224	0.8421	0.8454	0.8333	0.8520	0.8783	0.8980	0.9112	0.9211	0.6419	0.3065	304
arc	qwen3.5-9b	oat.s43	0.7851	0.8454	0.8004	0.8454	0.8133	0.8487	0.8205	0.8487	0.8257	0.8322	0.8454	0.8333	0.8520	0.8750	0.8914	0.9046	0.9211	0.6513	0.3118	304
arc	qwen3.5-9b	oat.s44	0.7873	0.8520	0.8037	0.8520	0.8144	0.8586	0.8236	0.8586	0.8257	0.8520	0.8520	0.8388	0.8520	0.8783	0.8980	0.9145	0.9276	0.6648	0.3290	304
arc	qwen3.5-9b	oat.s45	0.7884	0.8553	0.8054	0.8553	0.8104	0.8553	0.8196	0.8553	0.8257	0.8487	0.8553	0.8394	0.8520	0.8783	0.8980	0.9145	0.9276	0.6492	0.3102	304
arc	qwen3.5-9b	oat.s46	0.7862	0.8487	0.8021	0.8487	0.8207	0.8388	0.8247	0.8388	0.8224	0.8421	0.8487	0.8344	0.8421	0.8717	0.8882	0.9046	0.9178	0.7034	0.3562	304
arc	qwen3.5-9b	stepfinder.s42	0.4030	0.8322	0.5417	0.8322					0.5296	0.8158	0.8322	0.6782	0.8059	0.8322	0.8586	0.8717	0.8947	0.8202	0.5843	304
arc	qwen3.5-9b	stepfinder.s43	0.3964	0.8125	0.5318	0.8125					0.3553	0.8026	0.8125	0.5822	0.8191	0.8651	0.8849	0.9112	0.9276	0.7875	0.4201	304
arc	qwen3.5-9b	stepfinder.s44	0.3986	0.8191	0.5351	0.8191					0.6711	0.8191	0.8191	0.7451	0.8059	0.8586	0.8684	0.8816	0.8882	0.8443	0.7367	304
arc	qwen3.5-9b	stepfinder.s45	0.4073	0.8454	0.5482	0.8454					0.1776	0.8191	0.8454	0.5071	0.8191	0.8618	0.8882	0.9145	0.9507	0.7558	0.3224	304
arc	qwen3.5-9b	stepfinder.s46	0.4073	0.8454	0.5482	0.8454					0.4934	0.8257	0.8454	0.6661	0.8322	0.8586	0.8783	0.9013	0.9211	0.8199	0.5592	304
gaia	deepseek-8b	oat.s42	0.3933	0.7000	0.4700	0.7000	0.3715	0.6400	0.4284	0.6400	0.4600	0.5800	0.7000	0.5600	0.5600	0.6600	0.7200	0.7800	0.8200	0.7685	0.2314	50
gaia	deepseek-8b	oat.s43	0.4133	0.7600	0.5000	0.7600	0.3615	0.6200	0.4144	0.6200	0.4600	0.6200	0.7600	0.5867	0.5600	0.6600	0.7200	0.7800	0.8200	0.7844	0.2527	50
gaia	deepseek-8b	oat.s44	0.4067	0.7400	0.4900	0.7400	0.3460	0.6200	0.4037	0.6200	0.4800	0.6200	0.7400	0.5900	0.6000	0.7200	0.7800	0.8200	0.8600	0.7704	0.2549	50
gaia	deepseek-8b	oat.s45	0.4067	0.7400	0.4900	0.7400	0.4127	0.6600	0.4670	0.6600	0.4600	0.5800	0.7400	0.5733	0.5800	0.6800	0.7200	0.7800	0.8200	0.7672	0.2410	50
gaia	deepseek-8b	oat.s46	0.4000	0.7200	0.4800	0.7200	0.3749	0.6800	0.4358	0.6800	0.4400	0.6200	0.7200	0.5633	0.6000	0.7200	0.7600	0.8000	0.8400	0.7806	0.2368	50
gaia	deepseek-8b	stepfinder.s42	0.2000	0.4800	0.2800	0.4800					0.3400	0.4000	0.4800	0.3967	0.4400	0.6000	0.6600	0.6800	0.7000	0.6800	0.3954	50
gaia	deepseek-8b	stepfinder.s43	0.1800	0.4200	0.2500	0.4200					0.1800	0.3400	0.4200	0.2867	0.4400	0.5600	0.6000	0.6000	0.6000	0.6953	0.3071	50
gaia	deepseek-8b	stepfinder.s44	0.2333	0.5800	0.3300	0.5800					0.3600	0.5000	0.5800	0.4567	0.5000	0.6600	0.7400	0.8000	0.8000	0.7357	0.4940	50
gaia	deepseek-8b	stepfinder.s45	0.2333	0.5800	0.3300	0.5800					0.3600	0.4800	0.5800	0.4533	0.5000	0.6200	0.7200	0.7400	0.7400	0.7045	0.4242	50
gaia	deepseek-8b	stepfinder.s46	0.2000	0.4800	0.2800	0.4800					0.3000	0.4200	0.4800	0.3800	0.5000	0.6000	0.6400	0.6600	0.6800	0.6683	0.3976	50
gaia	qwen3-embedding-0.6b	stepfinder.e1	0.3000	0.8000	0.4333	0.8000					0.4857	0.7714	0.8000	0.6381	0.7714	0.8286	0.8571	0.8571	0.8857	0.8987	0.6068	35
gaia	qwen3-embedding-0.6b	stepfinder.e2	0.2762	0.7143	0.3952	0.7143					0.5429	0.7143	0.7143	0.6286	0.7143	0.7143	0.7429	0.7429	0.8000	0.8101	0.5275	35
gaia	qwen3-embedding-0.6b	stepfinder.e3	0.3048	0.7714	0.4333	0.7714					0.6286	0.7714	0.7714	0.7000	0.8000	0.8000	0.8286	0.8571	0.8857	0.8685	0.6500	35
gaia	qwen3-embedding-0.6b	stepfinder.s42	0.1933	0.4600	0.2700	0.4600					0.3000	0.4200	0.4600	0.3733	0.4000	0.4800	0.5800	0.6600	0.7600	0.6472	0.3986	50
gaia	qwen3-embedding-0.6b	stepfinder.s43	0.1867	0.4400	0.2600	0.4400					0.2200	0.3000	0.4400	0.3067	0.4000	0.4400	0.5400	0.5800	0.6600	0.6616	0.3445	50
gaia	qwen3-embedding-0.6b	stepfinder.s44	0.1733	0.4000	0.2400	0.4000					0.3000	0.3200	0.4000	0.3367	0.4000	0.4400	0.5200	0.5800	0.6200	0.5935	0.3796	50
gaia	qwen3-embedding-0.6b	stepfinder.s45	0.1933	0.4600	0.2700	0.4600					0.3800	0.3800	0.4600	0.4067	0.4200	0.5000	0.5800	0.6000	0.6200	0.6097	0.3924	50
gaia	qwen3-embedding-0.6b	stepfinder.s46	0.1800	0.4200	0.2500	0.4200					0.2600	0.3000	0.4200	0.3200	0.3600	0.4400	0.5800	0.6200	0.6600	0.6047	0.3673	50
gaia	qwen3.5-9b	oat.s42	0.4200	0.7800	0.5100	0.7800	0.4390	0.6800	0.4888	0.6800	0.5000	0.6800	0.7800	0.6233	0.6400	0.7000	0.7400	0.8200	0.8600	0.7789	0.2621	50
gaia	qwen3.5-9b	oat.s43	0.4200	0.7800	0.5100	0.7800	0.4143	0.6600	0.4694	0.6600	0.5000	0.7200	0.7800	0.6300	0.6800	0.7400	0.7600	0.8400	0.8800	0.7630	0.2716	50
gaia	qwen3.5-9b	oat.s44	0.4133	0.7600	0.5000	0.7600	0.3894	0.6600	0.4448	0.6600	0.5000	0.7200	0.7600	0.6233	0.6800	0.7200	0.7400	0.8200	0.8600	0.7796	0.2640	50
gaia	qwen3.5-9b	oat.s45	0.4133	0.7600	0.5000	0.7600	0.3670	0.6200	0.4202	0.6200	0.5000	0.6800	0.7600	0.6167	0.6400	0.6800	0.7200	0.8000	0.8400	0.7710	0.2653	50
gaia	qwen3.5-9b	oat.s46	0.4133	0.7600	0.5000	0.7600	0.4640	0.6800	0.5174	0.6800	0.5400	0.7400	0.7600	0.6467	0.7000	0.7400	0.7600	0.8400	0.8800	0.7881	0.2803	50
gaia	qwen3.5-9b	stepfinder.s42	0.2133	0.5200	0.3000	0.5200					0.2400	0.4600	0.5200	0.3700	0.4200	0.6600	0.7800	0.8000	0.8200	0.7313	0.3427	50
gaia	qwen3.5-9b	stepfinder.s43	0.2000	0.4800	0.2800	0.4800					0.2600	0.4600	0.4800	0.3667	0.4400	0.6800	0.7600	0.8000	0.8000	0.7163	0.3563	50
gaia	qwen3.5-9b	stepfinder.s44	0.2600	0.6600	0.3700	0.6600					0.4600	0.6400	0.6600	0.5567	0.6200	0.7800	0.8600	0.8800	0.8800	0.7777	0.4805	50
gaia	qwen3.5-9b	stepfinder.s45	0.1667	0.3800	0.2300	0.3800					0.1000	0.3400	0.3800	0.2333	0.4200	0.5400	0.6400	0.7000	0.7000	0.6772	0.2311	50
gaia	qwen3.5-9b	stepfinder.s46	0.2067	0.5000	0.2900	0.5000					0.3200	0.4400	0.5000	0.4000	0.5200	0.6800	0.8000	0.8000	0.8000	0.7169	0.3508	50
hotpot	deepseek-8b	oat.s42	0.2388	0.6609	0.3443	0.6609	0.3757	0.5623	0.4145	0.5623	0.4135	0.5381	0.6609	0.5167	0.5657	0.6488	0.7266	0.8183	0.8512	0.7451	0.2262	578
hotpot	deepseek-8b	oat.s43	0.2382	0.6592	0.3434	0.6592	0.3916	0.5848	0.4319	0.5848	0.4256	0.5519	0.6592	0.5245	0.5900	0.6730	0.7561	0.8304	0.8633	0.7470	0.2335	578
hotpot	deepseek-8b	oat.s44	0.2330	0.6436	0.3356	0.6436	0.3913	0.5519	0.4255	0.5519	0.4360	0.5398	0.6436	0.5225	0.5986	0.6661	0.7439	0.8149	0.8460	0.7384	0.2298	578
hotpot	deepseek-8b	oat.s45	0.2364	0.6540	0.3408	0.6540	0.3812	0.5294	0.4132	0.5294	0.4273	0.5381	0.6540	0.5213	0.5882	0.6626	0.7422	0.8183	0.8478	0.7355	0.2232	578
hotpot	deepseek-8b	oat.s46	0.2364	0.6540	0.3408	0.6540	0.3753	0.5830	0.4163	0.5830	0.4187	0.5450	0.6540	0.5182	0.5744	0.6540	0.7388	0.8183	0.8495	0.7438	0.2237	578
hotpot	deepseek-8b	stepfinder.s42	0.1745	0.5069	0.2589	0.5069					0.1436	0.3356	0.5069	0.2967	0.4637	0.7249	0.7855	0.8720	0.9048	0.7620	0.2081	578
hotpot	deepseek-8b	stepfinder.s43	0.2044	0.5969	0.3039	0.5969					0.2076	0.4481	0.5969	0.3775	0.6125	0.8235	0.8651	0.9031	0.9256	0.8083	0.2643	578
hotpot	deepseek-8b	stepfinder.s44	0.1802	0.5242	0.2676	0.5242					0.2336	0.3824	0.5242	0.3552	0.4291	0.7751	0.8131	0.8841	0.9066	0.6967	0.2871	578
hotpot	deepseek-8b	stepfinder.s45	0.1721	0.5000	0.2555	0.5000					0.1920	0.3702	0.5000	0.3244	0.4412	0.7042	0.8287	0.8754	0.9048	0.6974	0.2165	578
hotpot	deepseek-8b	stepfinder.s46	0.1796	0.5225	0.2667	0.5225					0.1782	0.3979	0.5225	0.3296	0.4965	0.7232	0.8045	0.8754	0.9014	0.7152	0.2085	578
hotpot	qwen3-embedding-0.6b	stepfinder.e1	0.2420	0.7111	0.3605	0.7111					0.4938	0.6617	0.7111	0.5942	0.6840	0.7333	0.8025	0.8272	0.8543	0.8451	0.4727	405
hotpot	qwen3-embedding-0.6b	stepfinder.e2	0.2432	0.7136	0.3621	0.7136					0.5062	0.6593	0.7136	0.6008	0.6914	0.7309	0.8099	0.8272	0.8543	0.8542	0.4883	405
hotpot	qwen3-embedding-0.6b	stepfinder.e3	0.2350	0.6914	0.3502	0.6914					0.5086	0.6420	0.6914	0.5918	0.6938	0.7086	0.7605	0.7877	0.8370	0.8389	0.5041	405
hotpot	qwen3-embedding-0.6b	stepfinder.s42	0.1796	0.5225	0.2667	0.5225					0.2059	0.3806	0.5225	0.3405	0.3997	0.5934	0.7042	0.7751	0.8426	0.7276	0.2201	578
hotpot	qwen3-embedding-0.6b	stepfinder.s43	0.1750	0.5087	0.2598	0.5087					0.2128	0.3426	0.5087	0.3330	0.4308	0.6453	0.7872	0.8564	0.8962	0.7731	0.2230	578
hotpot	qwen3-embedding-0.6b	stepfinder.s44	0.1998	0.5830	0.2970	0.5830					0.3166	0.4810	0.5830	0.4328	0.5260	0.6401	0.7612	0.8114	0.8702	0.7670	0.3067	578
hotpot	qwen3-embedding-0.6b	stepfinder.s45	0.1848	0.5381	0.2745	0.5381					0.2907	0.4325	0.5381	0.3968	0.4585	0.6125	0.7197	0.7785	0.8460	0.7339	0.2567	578
hotpot	qwen3-embedding-0.6b	stepfinder.s46	0.1641	0.4758	0.2434	0.4758					0.2145	0.3495	0.4758	0.3241	0.4031	0.5934	0.6747	0.7457	0.8287	0.7173	0.2369	578
hotpot	qwen3.5-9b	oat.s42	0.2370	0.6557	0.3417	0.6557	0.4111	0.5692	0.4462	0.5692	0.4637	0.5640	0.6557	0.5444	0.6280	0.7128	0.7976	0.8426	0.8824	0.7089	0.2330	578
hotpot	qwen3.5-9b	oat.s43	0.2364	0.6540	0.3408	0.6540	0.4015	0.5692	0.4385	0.5692	0.4533	0.5657	0.6540	0.5389	0.6038	0.6869	0.7699	0.8131	0.8495	0.7055	0.2317	578
hotpot	qwen3.5-9b	oat.s44	0.2388	0.6609	0.3443	0.6609	0.4086	0.5882	0.4467	0.5882	0.4654	0.5588	0.6609	0.5461	0.6332	0.7249	0.8166	0.8633	0.8962	0.7155	0.2327	578
hotpot	qwen3.5-9b	oat.s45	0.2382	0.6592	0.3434	0.6592	0.4059	0.5796	0.4430	0.5796	0.4706	0.5640	0.6592	0.5490	0.6332	0.7180	0.8028	0.8460	0.8806	0.7143	0.2380	578
hotpot	qwen3.5-9b	oat.s46	0.2353	0.6505	0.3391	0.6505	0.4322	0.5190	0.4542	0.5190	0.4671	0.5727	0.6505	0.5458	0.6332	0.7128	0.8028	0.8478	0.8841	0.7167	0.2385	578
hotpot	qwen3.5-9b	stepfinder.s42	0.1756	0.5104	0.2607	0.5104					0.2578	0.4325	0.5104	0.3711	0.4083	0.5848	0.6453	0.6644	0.7215	0.6661	0.3130	578
hotpot	qwen3.5-9b	stepfinder.s43	0.1583	0.4585	0.2347	0.4585					0.1886	0.3547	0.4585	0.3062	0.3339	0.6038	0.6886	0.7578	0.8062	0.6382	0.2216	578
hotpot	qwen3.5-9b	stepfinder.s44	0.1727	0.5017	0.2563	0.5017					0.2907	0.4343	0.5017	0.3849	0.4239	0.5986	0.6384	0.6799	0.6972	0.6345	0.3100	578
hotpot	qwen3.5-9b	stepfinder.s45	0.1422	0.4100	0.2105	0.4100					0.1246	0.2509	0.4100	0.2408	0.3426	0.6246	0.7543	0.8218	0.8979	0.7086	0.2098	578
hotpot	qwen3.5-9b	stepfinder.s46	0.1716	0.4983	0.2546	0.4983					0.2491	0.4325	0.4983	0.3627	0.4100	0.6246	0.6972	0.7457	0.7785	0.6662	0.2814	578
math500	deepseek-8b	oat.s42	0.4809	0.7389	0.5456	0.7389	0.4701	0.5287	0.4819	0.5287	0.4713	0.6306	0.7389	0.5870	0.6688	0.8025	0.8854	0.9427	0.9554	0.5454	0.2003	157
math500	deepseek-8b	oat.s43	0.4830	0.7452	0.5488	0.7452	0.4693	0.5287	0.4823	0.5287	0.4650	0.6178	0.7452	0.5839	0.6624	0.8025	0.8726	0.9363	0.9490	0.5680	0.2088	157
math500	deepseek-8b	oat.s44	0.4915	0.7707	0.5616	0.7707	0.4716	0.5350	0.4857	0.5350	0.4713	0.6497	0.7707	0.6008	0.6688	0.7962	0.8662	0.9427	0.9554	0.5581	0.2033	157
math500	deepseek-8b	oat.s45	0.4873	0.7580	0.5552	0.7580	0.4587	0.5096	0.4700	0.5096	0.4650	0.6306	0.7580	0.5902	0.6242	0.7771	0.8662	0.9363	0.9554	0.5591	0.2042	157
math500	deepseek-8b	oat.s46	0.4830	0.7452	0.5488	0.7452	0.4529	0.5223	0.4676	0.5223	0.4522	0.6306	0.7452	0.5796	0.6433	0.7834	0.8662	0.9299	0.9490	0.5436	0.2002	157
math500	deepseek-8b	stepfinder.s42	0.3132	0.7643	0.4406	0.7643					0.4204	0.6115	0.7643	0.5669	0.6561	0.8662	0.9045	0.9363	0.9490	0.7865	0.5497	157
math500	deepseek-8b	stepfinder.s43	0.3110	0.7580	0.4374	0.7580					0.2739	0.6624	0.7580	0.5000	0.6879	0.8599	0.8981	0.9172	0.9363	0.7714	0.3712	157
math500	deepseek-8b	stepfinder.s44	0.3174	0.7771	0.4469	0.7771					0.5478	0.6943	0.7771	0.6486	0.6752	0.8662	0.8917	0.9045	0.9236	0.8277	0.6651	157
math500	deepseek-8b	stepfinder.s45	0.3132	0.7643	0.4406	0.7643					0.4777	0.6369	0.7643	0.5998	0.6433	0.8726	0.8981	0.9172	0.9427	0.7892	0.5762	157
math500	deepseek-8b	stepfinder.s46	0.3195	0.7834	0.4501	0.7834					0.5032	0.6943	0.7834	0.6285	0.6815	0.8662	0.8981	0.9172	0.9299	0.8135	0.6274	157
math500	qwen3-embedding-0.6b	stepfinder.e1	0.3198	0.7838	0.4505	0.7838					0.6486	0.7658	0.7838	0.7132	0.7838	0.8288	0.8829	0.8829	0.9189	0.8438	0.7096	111
math500	qwen3-embedding-0.6b	stepfinder.e2	0.3348	0.8108	0.4700	0.8108					0.6216	0.7838	0.8108	0.7117	0.7748	0.7838	0.8829	0.9009	0.9459	0.8422	0.6765	111
math500	qwen3-embedding-0.6b	stepfinder.e3	0.3273	0.7748	0.4565	0.7748					0.6306	0.7477	0.7748	0.6982	0.7748	0.7928	0.8739	0.8829	0.9009	0.8469	0.7212	111
math500	qwen3-embedding-0.6b	stepfinder.s42	0.2898	0.6943	0.4055	0.6943					0.3758	0.6115	0.6943	0.5212	0.6943	0.8217	0.8535	0.9363	0.9618	0.7615	0.3833	157
math500	qwen3-embedding-0.6b	stepfinder.s43	0.3025	0.7325	0.4246	0.7325					0.2038	0.6115	0.7325	0.4480	0.6242	0.7452	0.8599	0.9172	0.9618	0.7598	0.3248	157
math500	qwen3-embedding-0.6b	stepfinder.s44	0.3132	0.7643	0.4406	0.7643					0.5223	0.6752	0.7643	0.6285	0.7325	0.8217	0.8854	0.9299	0.9682	0.7971	0.5766	157
math500	qwen3-embedding-0.6b	stepfinder.s45	0.3004	0.7261	0.4214	0.7261					0.4395	0.6369	0.7261	0.5679	0.6943	0.8153	0.8790	0.9363	0.9682	0.7789	0.4803	157
math500	qwen3-embedding-0.6b	stepfinder.s46	0.3025	0.7325	0.4246	0.7325					0.5159	0.6497	0.7325	0.6104	0.6943	0.7771	0.8854	0.9236	0.9490	0.7934	0.5633	157
math500	qwen3.5-9b	oat.s42	0.4766	0.7261	0.5393	0.7261	0.4837	0.5350	0.4948	0.5350	0.4904	0.6497	0.7261	0.5955	0.6624	0.8025	0.8854	0.9299	0.9682	0.5175	0.1873	157
math500	qwen3.5-9b	oat.s43	0.4830	0.7452	0.5488	0.7452	0.4885	0.5350	0.4988	0.5350	0.4841	0.6624	0.7452	0.6008	0.6815	0.8280	0.9045	0.9363	0.9745	0.5515	0.2003	157
math500	qwen3.5-9b	oat.s44	0.4809	0.7389	0.5456	0.7389	0.4799	0.5287	0.4915	0.5287	0.4777	0.6624	0.7389	0.5955	0.6624	0.8153	0.8981	0.9363	0.9745	0.5433	0.1963	157
math500	qwen3.5-9b	oat.s45	0.4851	0.7516	0.5520	0.7516	0.4921	0.5605	0.5082	0.5605	0.5096	0.6688	0.7516	0.6168	0.6815	0.8217	0.8981	0.9299	0.9682	0.5275	0.1913	157
math500	qwen3.5-9b	oat.s46	0.4809	0.7389	0.5456	0.7389	0.4779	0.5159	0.4881	0.5159	0.4841	0.6433	0.7389	0.5955	0.6815	0.8280	0.8981	0.9236	0.9682	0.5642	0.2056	157
math500	qwen3.5-9b	stepfinder.s42	0.3089	0.7516	0.4342	0.7516					0.3312	0.6369	0.7516	0.5223	0.6688	0.8599	0.9045	0.9299	0.9554	0.7566	0.3679	157
math500	qwen3.5-9b	stepfinder.s43	0.2813	0.6688	0.3928	0.6688					0.4013	0.5541	0.6688	0.5159	0.6115	0.7643	0.8726	0.8981	0.9236	0.7088	0.4075	157
math500	qwen3.5-9b	stepfinder.s44	0.3132	0.7643	0.4406	0.7643					0.4968	0.6688	0.7643	0.6146	0.7197	0.8153	0.9172	0.9299	0.9618	0.7885	0.5999	157
math500	qwen3.5-9b	stepfinder.s45	0.2941	0.7070	0.4119	0.7070					0.1465	0.5796	0.7070	0.4055	0.6497	0.7771	0.8599	0.8917	0.9299	0.7535	0.3194	157
math500	qwen3.5-9b	stepfinder.s46	0.2962	0.7134	0.4151	0.7134					0.4459	0.6624	0.7134	0.5711	0.6943	0.8089	0.8917	0.9045	0.9363	0.7636	0.5002	157
mmlu_pro	deepseek-8b	oat.s42	0.6649	0.8587	0.7138	0.8587	0.6712	0.7391	0.6825	0.7391	0.6957	0.7717	0.8587	0.7627	0.7500	0.8587	0.8804	0.9239	0.9239	0.7028	0.2793	92
mmlu_pro	deepseek-8b	oat.s43	0.6649	0.8587	0.7138	0.8587	0.6726	0.7391	0.6843	0.7391	0.6848	0.7717	0.8587	0.7572	0.7609	0.8696	0.9022	0.9348	0.9348	0.7553	0.3246	92
mmlu_pro	deepseek-8b	oat.s44	0.6612	0.8478	0.7083	0.8478	0.6618	0.7283	0.6736	0.7283	0.6739	0.7609	0.8478	0.7464	0.7500	0.8587	0.8804	0.9239	0.9239	0.6967	0.2827	92
mmlu_pro	deepseek-8b	oat.s45	0.6612	0.8478	0.7083	0.8478	0.6737	0.7391	0.6859	0.7391	0.6848	0.7609	0.8478	0.7518	0.7391	0.8478	0.8696	0.9130	0.9130	0.7269	0.3003	92
mmlu_pro	deepseek-8b	oat.s46	0.6576	0.8370	0.7029	0.8370	0.6837	0.7609	0.6961	0.7609	0.6957	0.7609	0.8370	0.7536	0.7717	0.8804	0.9130	0.9348	0.9348	0.7172	0.2870	92
mmlu_pro	deepseek-8b	stepfinder.s42	0.3551	0.7826	0.4855	0.7826					0.6087	0.7283	0.7826	0.6866	0.7391	0.8478	0.9130	0.9130	0.9457	0.8257	0.7100	92
mmlu_pro	deepseek-8b	stepfinder.s43	0.3587	0.7935	0.4909	0.7935					0.4022	0.6848	0.7935	0.5797	0.7283	0.8478	0.9239	0.9348	0.9674	0.8120	0.5183	92
mmlu_pro	deepseek-8b	stepfinder.s44	0.3659	0.8152	0.5018	0.8152					0.6957	0.7609	0.8152	0.7464	0.7935	0.8587	0.8696	0.9239	0.9457	0.8319	0.7469	92
mmlu_pro	deepseek-8b	stepfinder.s45	0.3659	0.8152	0.5018	0.8152					0.5435	0.7500	0.8152	0.6685	0.7500	0.8261	0.8913	0.9239	0.9565	0.8200	0.6451	92
mmlu_pro	deepseek-8b	stepfinder.s46	0.3732	0.8370	0.5127	0.8370					0.5652	0.8043	0.8370	0.6957	0.7283	0.8152	0.8804	0.9130	0.9565	0.8404	0.7154	92
mmlu_pro	qwen3-embedding-0.6b	stepfinder.e1	0.3462	0.7538	0.4718	0.7538					0.6615	0.7231	0.7538	0.7026	0.7692	0.7692	0.8462	0.8462	0.8615	0.8192	0.7326	65
mmlu_pro	qwen3-embedding-0.6b	stepfinder.e2	0.3667	0.8154	0.5026	0.8154					0.7231	0.7846	0.8154	0.7641	0.8154	0.8462	0.8615	0.8769	0.8923	0.8654	0.7853	65
mmlu_pro	qwen3-embedding-0.6b	stepfinder.e3	0.3718	0.8462	0.5128	0.8462					0.7077	0.7692	0.8462	0.7641	0.7846	0.8308	0.9231	0.9231	0.9385	0.8759	0.7807	65
mmlu_pro	qwen3-embedding-0.6b	stepfinder.s42	0.3442	0.7500	0.4692	0.7500					0.2283	0.6848	0.7500	0.4783	0.7065	0.8478	0.8696	0.9130	0.9239	0.7797	0.3946	92
mmlu_pro	qwen3-embedding-0.6b	stepfinder.s43	0.3406	0.7391	0.4638	0.7391					0.2391	0.6848	0.7391	0.4801	0.7174	0.8370	0.9239	0.9457	0.9565	0.7859	0.3544	92
mmlu_pro	qwen3-embedding-0.6b	stepfinder.s44	0.3551	0.7826	0.4855	0.7826					0.5000	0.7065	0.7826	0.6286	0.7283	0.8370	0.8913	0.9239	0.9457	0.8122	0.5855	92
mmlu_pro	qwen3-embedding-0.6b	stepfinder.s45	0.3442	0.7500	0.4692	0.7500					0.3587	0.6848	0.7500	0.5435	0.7283	0.8370	0.9239	0.9457	0.9457	0.8019	0.4126	92
mmlu_pro	qwen3-embedding-0.6b	stepfinder.s46	0.3514	0.7717	0.4801	0.7717					0.3478	0.6957	0.7717	0.5471	0.7065	0.7826	0.8478	0.8587	0.8587	0.7803	0.4736	92
mmlu_pro	qwen3.5-9b	oat.s42	0.6576	0.8370	0.7029	0.8370	0.6929	0.7717	0.7082	0.7717	0.6957	0.7935	0.8370	0.7591	0.7500	0.8587	0.8696	0.8913	0.9022	0.6348	0.2451	92
mmlu_pro	qwen3.5-9b	oat.s43	0.6540	0.8261	0.6975	0.8261	0.6905	0.7500	0.7001	0.7500	0.6957	0.7935	0.8261	0.7554	0.7391	0.8478	0.8587	0.8804	0.8913	0.6444	0.2490	92
mmlu_pro	qwen3.5-9b	oat.s44	0.6649	0.8587	0.7138	0.8587	0.6903	0.7717	0.7047	0.7717	0.6848	0.7826	0.8587	0.7591	0.7391	0.8478	0.8587	0.8913	0.9022	0.6664	0.2689	92
mmlu_pro	qwen3.5-9b	oat.s45	0.6576	0.8370	0.7029	0.8370	0.6845	0.7609	0.7002	0.7609	0.6848	0.7935	0.8370	0.7536	0.7391	0.8587	0.8696	0.9022	0.9130	0.6450	0.2539	92
mmlu_pro	qwen3.5-9b	oat.s46	0.6612	0.8478	0.7083	0.8478	0.7208	0.7609	0.7290	0.7609	0.7065	0.7826	0.8478	0.7663	0.7609	0.8804	0.8913	0.9239	0.9348	0.6994	0.2897	92
mmlu_pro	qwen3.5-9b	stepfinder.s42	0.3442	0.7500	0.4692	0.7500					0.3913	0.7283	0.7500	0.5670	0.7065	0.7826	0.8261	0.8478	0.8478	0.7570	0.5148	92
mmlu_pro	qwen3.5-9b	stepfinder.s43	0.3406	0.7391	0.4638	0.7391					0.3804	0.7065	0.7391	0.5543	0.7065	0.7935	0.8152	0.8478	0.8913	0.7491	0.5015	92
mmlu_pro	qwen3.5-9b	stepfinder.s44	0.3442	0.7500	0.4692	0.7500					0.5217	0.7065	0.7500	0.6286	0.6848	0.7826	0.7935	0.8261	0.8696	0.7775	0.6692	92
mmlu_pro	qwen3.5-9b	stepfinder.s45	0.3370	0.7283	0.4583	0.7283					0.1087	0.6630	0.7283	0.4076	0.7391	0.8261	0.8913	0.9022	0.9348	0.7352	0.3133	92
mmlu_pro	qwen3.5-9b	stepfinder.s46	0.3406	0.7391	0.4638	0.7391					0.4674	0.7065	0.7391	0.5978	0.7174	0.7826	0.8152	0.8478	0.8587	0.7637	0.5892	92
musique	deepseek-8b	oat.s42	0.2254	0.6250	0.3253	0.6250	0.3155	0.5673	0.3681	0.5673	0.3301	0.4904	0.6250	0.4551	0.4712	0.6026	0.6859	0.7628	0.8013	0.7441	0.2111	312
musique	deepseek-8b	oat.s43	0.2158	0.5962	0.3109	0.5962	0.3249	0.5737	0.3757	0.5737	0.3494	0.4840	0.5962	0.4541	0.4808	0.6154	0.6955	0.7660	0.8141	0.7518	0.2228	312
musique	deepseek-8b	oat.s44	0.2201	0.6090	0.3173	0.6090	0.3441	0.5737	0.3944	0.5737	0.3590	0.5032	0.6090	0.4663	0.4872	0.6122	0.6987	0.7628	0.8045	0.7322	0.2140	312
musique	deepseek-8b	oat.s45	0.2254	0.6250	0.3253	0.6250	0.3263	0.5385	0.3739	0.5385	0.3301	0.4936	0.6250	0.4557	0.4679	0.5897	0.6795	0.7660	0.8077	0.7387	0.2114	312
musique	deepseek-8b	oat.s46	0.2158	0.5962	0.3109	0.5962	0.3232	0.6026	0.3783	0.6026	0.3397	0.4840	0.5962	0.4493	0.4679	0.5994	0.6891	0.7564	0.7949	0.7398	0.2078	312
musique	deepseek-8b	stepfinder.s42	0.1554	0.4519	0.2308	0.4519					0.1731	0.3429	0.4519	0.2943	0.4712	0.6571	0.7340	0.8077	0.8558	0.7397	0.2098	312
musique	deepseek-8b	stepfinder.s43	0.1886	0.5513	0.2804	0.5513					0.1891	0.4199	0.5513	0.3483	0.5513	0.7051	0.7724	0.8397	0.8654	0.7944	0.2273	312
musique	deepseek-8b	stepfinder.s44	0.1490	0.4327	0.2212	0.4327					0.2212	0.3494	0.4327	0.3130	0.3974	0.7372	0.7596	0.8526	0.8750	0.6633	0.2877	312
musique	deepseek-8b	stepfinder.s45	0.1405	0.4071	0.2083	0.4071					0.1827	0.3237	0.4071	0.2810	0.4006	0.6699	0.8045	0.8526	0.8846	0.6871	0.2492	312
musique	deepseek-8b	stepfinder.s46	0.1597	0.4647	0.2372	0.4647					0.1506	0.3590	0.4647	0.2901	0.4519	0.6699	0.7436	0.8173	0.8429	0.7153	0.2155	312
musique	qwen3-embedding-0.6b	stepfinder.e1	0.2215	0.6484	0.3295	0.6484					0.4840	0.5936	0.6484	0.5571	0.6073	0.6393	0.7032	0.7215	0.7489	0.8209	0.4666	219
musique	qwen3-embedding-0.6b	stepfinder.e2	0.2139	0.6301	0.3189	0.6301					0.4658	0.5845	0.6301	0.5403	0.6210	0.6438	0.7215	0.7534	0.7900	0.7918	0.4165	219
musique	qwen3-embedding-0.6b	stepfinder.e3	0.2352	0.6895	0.3501	0.6895					0.5114	0.6438	0.6895	0.5928	0.6621	0.6986	0.7534	0.7671	0.8219	0.8204	0.4720	219
musique	qwen3-embedding-0.6b	stepfinder.s42	0.1426	0.4135	0.2115	0.4135					0.1667	0.2885	0.4135	0.2692	0.3333	0.5000	0.6090	0.6699	0.7468	0.6926	0.1945	312
musique	qwen3-embedding-0.6b	stepfinder.s43	0.1512	0.4391	0.2244	0.4391					0.1603	0.3013	0.4391	0.2767	0.4199	0.5737	0.6859	0.7404	0.7981	0.7456	0.1858	312
musique	qwen3-embedding-0.6b	stepfinder.s44	0.1886	0.5513	0.2804	0.5513					0.2788	0.4359	0.5513	0.3958	0.4455	0.5705	0.6571	0.7083	0.7756	0.7548	0.2696	312
musique	qwen3-embedding-0.6b	stepfinder.s45	0.1576	0.4583	0.2340	0.4583					0.2564	0.3686	0.4583	0.3424	0.4071	0.5449	0.6218	0.6763	0.7596	0.7132	0.2514	312
musique	qwen3-embedding-0.6b	stepfinder.s46	0.1277	0.3686	0.1891	0.3686					0.1538	0.2628	0.3686	0.2436	0.3397	0.4615	0.5833	0.6635	0.7436	0.6868	0.1873	312
musique	qwen3.5-9b	oat.s42	0.2308	0.6410	0.3333	0.6410	0.3664	0.5897	0.4164	0.5897	0.4455	0.5513	0.6410	0.5283	0.6090	0.6859	0.7436	0.7788	0.8013	0.7388	0.2371	312
musique	qwen3.5-9b	oat.s43	0.2212	0.6122	0.3189	0.6122	0.3651	0.5833	0.4130	0.5833	0.4359	0.5385	0.6122	0.5118	0.5801	0.6506	0.7147	0.7468	0.7788	0.7275	0.2336	312
musique	qwen3.5-9b	oat.s44	0.2318	0.6442	0.3349	0.6442	0.3657	0.6090	0.4169	0.6090	0.4487	0.5737	0.6442	0.5347	0.6058	0.6923	0.7628	0.7917	0.8269	0.7430	0.2342	312
musique	qwen3.5-9b	oat.s45	0.2276	0.6314	0.3285	0.6314	0.3539	0.5962	0.4057	0.5962	0.4455	0.5705	0.6314	0.5283	0.5962	0.6731	0.7468	0.7692	0.8013	0.7354	0.2324	312
musique	qwen3.5-9b	oat.s46	0.2265	0.6282	0.3269	0.6282	0.4008	0.5385	0.4366	0.5385	0.4455	0.5385	0.6282	0.5219	0.5929	0.6763	0.7372	0.7724	0.8077	0.7368	0.2375	312
musique	qwen3.5-9b	stepfinder.s42	0.1458	0.4231	0.2163	0.4231					0.2500	0.3462	0.4231	0.3237	0.3590	0.5128	0.5897	0.6346	0.6923	0.6265	0.2841	312
musique	qwen3.5-9b	stepfinder.s43	0.1255	0.3622	0.1859	0.3622					0.1795	0.2756	0.3622	0.2564	0.2788	0.5192	0.6410	0.6987	0.7660	0.5825	0.1918	312
musique	qwen3.5-9b	stepfinder.s44	0.1351	0.3910	0.2003	0.3910					0.2308	0.3494	0.3910	0.3040	0.3301	0.5256	0.5577	0.6314	0.6538	0.5971	0.2786	312
musique	qwen3.5-9b	stepfinder.s45	0.1234	0.3558	0.1827	0.3558					0.0929	0.2308	0.3558	0.2035	0.2917	0.5064	0.6667	0.7596	0.8397	0.6874	0.1736	312
musique	qwen3.5-9b	stepfinder.s46	0.1554	0.4519	0.2308	0.4519					0.2468	0.3686	0.4519	0.3355	0.3814	0.5417	0.6410	0.7019	0.7436	0.6348	0.2679	312
wikimqa	deepseek-8b	oat.s42	0.2037	0.6112	0.3056	0.6112	0.3246	0.5648	0.3792	0.5648	0.3615	0.5116	0.6112	0.4698	0.5307	0.6289	0.7271	0.7817	0.8267	0.7112	0.1550	733
wikimqa	deepseek-8b	oat.s43	0.2046	0.6139	0.3070	0.6139	0.3356	0.5866	0.3927	0.5866	0.3888	0.5157	0.6139	0.4850	0.5634	0.6562	0.7490	0.7926	0.8322	0.7167	0.1626	733
wikimqa	deepseek-8b	oat.s44	0.1996	0.5989	0.2995	0.5989	0.3385	0.5430	0.3883	0.5430	0.3793	0.5102	0.5989	0.4743	0.5443	0.6276	0.7162	0.7667	0.8049	0.7049	0.1583	733
wikimqa	deepseek-8b	oat.s45	0.2015	0.6044	0.3022	0.6044	0.3238	0.5225	0.3713	0.5225	0.3561	0.5048	0.6044	0.4636	0.5280	0.6207	0.7190	0.7722	0.8172	0.7021	0.1534	733
wikimqa	deepseek-8b	oat.s46	0.2055	0.6166	0.3083	0.6166	0.3215	0.5880	0.3816	0.5880	0.3697	0.5020	0.6166	0.4741	0.5293	0.6276	0.7312	0.7831	0.8267	0.7100	0.1531	733
wikimqa	deepseek-8b	stepfinder.s42	0.1010	0.3015	0.1512	0.3015					0.0832	0.2019	0.3015	0.1758	0.3683	0.5675	0.6535	0.7817	0.8336	0.6978	0.1270	733
wikimqa	deepseek-8b	stepfinder.s43	0.1496	0.4475	0.2242	0.4475					0.1378	0.3261	0.4475	0.2724	0.4461	0.6412	0.7026	0.7995	0.8417	0.7638	0.1731	733
wikimqa	deepseek-8b	stepfinder.s44	0.1255	0.3752	0.1880	0.3752					0.1583	0.2715	0.3752	0.2494	0.3383	0.7108	0.7462	0.8622	0.8799	0.6512	0.1860	733
wikimqa	deepseek-8b	stepfinder.s45	0.1301	0.3888	0.1949	0.3888					0.1514	0.2701	0.3888	0.2503	0.3438	0.5962	0.7517	0.8267	0.8799	0.6567	0.1673	733
wikimqa	deepseek-8b	stepfinder.s46	0.1182	0.3533	0.1771	0.3533					0.1119	0.2387	0.3533	0.2135	0.3820	0.5675	0.6617	0.7804	0.8254	0.6572	0.1261	733
wikimqa	qwen3-embedding-0.6b	stepfinder.e1	0.1673	0.5000	0.2506	0.5000					0.2802	0.3949	0.5000	0.3726	0.4222	0.5447	0.6770	0.7471	0.8054	0.7340	0.1623	514
wikimqa	qwen3-embedding-0.6b	stepfinder.e2	0.1877	0.5623	0.2815	0.5623					0.3638	0.4650	0.5623	0.4468	0.5136	0.6031	0.7276	0.7743	0.8132	0.7470	0.1869	514
wikimqa	qwen3-embedding-0.6b	stepfinder.e3	0.0856	0.2549	0.1281	0.2549					0.0934	0.1673	0.2549	0.1595	0.1965	0.3035	0.4475	0.5564	0.6770	0.7131	0.1292	514
wikimqa	qwen3-embedding-0.6b	stepfinder.s42	0.1296	0.3874	0.1942	0.3874					0.1514	0.2592	0.3874	0.2481	0.3056	0.4570	0.5894	0.7217	0.7940	0.6943	0.1600	733
wikimqa	qwen3-embedding-0.6b	stepfinder.s43	0.0991	0.2960	0.1485	0.2960					0.1337	0.2087	0.2960	0.2003	0.3206	0.4829	0.6330	0.7503	0.7954	0.7106	0.1367	733
wikimqa	qwen3-embedding-0.6b	stepfinder.s44	0.1673	0.5007	0.2508	0.5007					0.2879	0.4147	0.5007	0.3799	0.4570	0.5716	0.6767	0.7531	0.8295	0.7377	0.2473	733
wikimqa	qwen3-embedding-0.6b	stepfinder.s45	0.1551	0.4638	0.2324	0.4638					0.2538	0.3615	0.4638	0.3417	0.4079	0.5266	0.6235	0.6999	0.7640	0.7161	0.2249	733
wikimqa	qwen3-embedding-0.6b	stepfinder.s46	0.1296	0.3874	0.1942	0.3874					0.1651	0.2769	0.3874	0.2578	0.3083	0.4939	0.6112	0.7121	0.7926	0.6851	0.1615	733
wikimqa	qwen3.5-9b	oat.s42	0.2042	0.6126	0.3063	0.6126	0.3524	0.5662	0.4052	0.5662	0.4447	0.5348	0.6126	0.5157	0.5812	0.6344	0.7258	0.7653	0.8117	0.7005	0.1767	733
wikimqa	qwen3.5-9b	oat.s43	0.1983	0.5948	0.2974	0.5948	0.3420	0.5580	0.3947	0.5580	0.4325	0.5171	0.5948	0.5007	0.5648	0.6180	0.6985	0.7285	0.7763	0.6930	0.1693	733
wikimqa	qwen3.5-9b	oat.s44	0.2019	0.6057	0.3029	0.6057	0.3378	0.5744	0.3936	0.5744	0.4379	0.5293	0.6057	0.5091	0.5839	0.6439	0.7312	0.7694	0.8254	0.7007	0.1693	733
wikimqa	qwen3.5-9b	oat.s45	0.2042	0.6126	0.3063	0.6126	0.3368	0.5784	0.3935	0.5784	0.4502	0.5348	0.6126	0.5184	0.5921	0.6453	0.7326	0.7694	0.8186	0.7084	0.1807	733
wikimqa	qwen3.5-9b	oat.s46	0.2001	0.6003	0.3001	0.6003	0.3863	0.5102	0.4208	0.5102	0.4352	0.5225	0.6003	0.5048	0.5648	0.6207	0.7121	0.7517	0.8008	0.6956	0.1752	733
wikimqa	qwen3.5-9b	stepfinder.s42	0.1432	0.4284	0.2146	0.4284					0.2005	0.3261	0.4284	0.2974	0.3179	0.5102	0.5975	0.6644	0.7108	0.6360	0.2375	733
wikimqa	qwen3.5-9b	stepfinder.s43	0.1064	0.3179	0.1594	0.3179					0.1323	0.2224	0.3179	0.2092	0.2374	0.5225	0.6003	0.7149	0.7462	0.5749	0.1389	733
wikimqa	qwen3.5-9b	stepfinder.s44	0.1337	0.3997	0.2003	0.3997					0.2087	0.3056	0.3997	0.2885	0.2974	0.5266	0.5880	0.6576	0.6794	0.5908	0.2099	733
wikimqa	qwen3.5-9b	stepfinder.s45	0.0800	0.2387	0.1198	0.2387					0.0750	0.1637	0.2387	0.1444	0.2360	0.4993	0.6603	0.7899	0.8540	0.6743	0.1356	733
wikimqa	qwen3.5-9b	stepfinder.s46	0.1392	0.4161	0.2085	0.4161					0.1951	0.3138	0.4161	0.2885	0.3302	0.5293	0.5880	0.6644	0.7026	0.6074	0.1981	733
