seed	n_val	n_test	n_full	gt_in_prompt	stepfinder-pca.s42_step@1_val	stepfinder-pca.s42_step@1_test	stepfinder-pca.s42_step@1_full	stepfinder-pca.s42_agent@1_val	stepfinder-pca.s42_agent@1_test	stepfinder-pca.s42_agent@1_full	stepfinder-pca.s43_step@1_val	stepfinder-pca.s43_step@1_test	stepfinder-pca.s43_step@1_full	stepfinder-pca.s43_agent@1_val	stepfinder-pca.s43_agent@1_test	stepfinder-pca.s43_agent@1_full	stepfinder-pca.s44_step@1_val	stepfinder-pca.s44_step@1_test	stepfinder-pca.s44_step@1_full	stepfinder-pca.s44_agent@1_val	stepfinder-pca.s44_agent@1_test	stepfinder-pca.s44_agent@1_full	stepfinder-pca.s45_step@1_val	stepfinder-pca.s45_step@1_test	stepfinder-pca.s45_step@1_full	stepfinder-pca.s45_agent@1_val	stepfinder-pca.s45_agent@1_test	stepfinder-pca.s45_agent@1_full	stepfinder-pca.s46_step@1_val	stepfinder-pca.s46_step@1_test	stepfinder-pca.s46_step@1_full	stepfinder-pca.s46_agent@1_val	stepfinder-pca.s46_agent@1_test	stepfinder-pca.s46_agent@1_full	baseline_best_step@1_test	baseline_best_agent@1_test	baseline_best_step@1_full	baseline_best_agent@1_full
1	12	29	58	False	0.0	0.06896551724137931	0.05172413793103448	0.3333333333333333	0.3793103448275862	0.3275862068965517	0.16666666666666666	0.06896551724137931	0.08620689655172414	0.4166666666666667	0.3448275862068966	0.3275862068965517	0.08333333333333333	0.06896551724137931	0.06896551724137931	0.4166666666666667	0.3448275862068966	0.3275862068965517	0.08333333333333333	0.06896551724137931	0.08620689655172414	0.3333333333333333	0.3448275862068966	0.3103448275862069	0.0	0.06896551724137931	0.05172413793103448	0.3333333333333333	0.3448275862068966	0.3103448275862069	0.06896551724137931	0.3793103448275862	0.08620689655172414	0.3275862068965517
2	12	29	58	False	0.0	0.06896551724137931	0.05172413793103448	0.3333333333333333	0.3103448275862069	0.3275862068965517	0.0	0.10344827586206896	0.08620689655172414	0.3333333333333333	0.3103448275862069	0.3275862068965517	0.0	0.10344827586206896	0.06896551724137931	0.3333333333333333	0.3103448275862069	0.3275862068965517	0.0	0.06896551724137931	0.08620689655172414	0.3333333333333333	0.27586206896551724	0.3103448275862069	0.0	0.06896551724137931	0.05172413793103448	0.3333333333333333	0.27586206896551724	0.3103448275862069	0.10344827586206896	0.3103448275862069	0.08620689655172414	0.3275862068965517
3	12	29	58	False	0.08333333333333333	0.034482758620689655	0.05172413793103448	0.4166666666666667	0.3793103448275862	0.3275862068965517	0.16666666666666666	0.06896551724137931	0.08620689655172414	0.5	0.3793103448275862	0.3275862068965517	0.16666666666666666	0.034482758620689655	0.06896551724137931	0.5	0.3793103448275862	0.3275862068965517	0.08333333333333333	0.10344827586206896	0.08620689655172414	0.4166666666666667	0.3793103448275862	0.3103448275862069	0.08333333333333333	0.034482758620689655	0.05172413793103448	0.4166666666666667	0.3793103448275862	0.3103448275862069	0.10344827586206896	0.3793103448275862	0.08620689655172414	0.3275862068965517
4	12	29	58	False	0.0	0.06896551724137931	0.05172413793103448	0.4166666666666667	0.3103448275862069	0.3275862068965517	0.0	0.13793103448275862	0.08620689655172414	0.3333333333333333	0.3448275862068966	0.3275862068965517	0.0	0.10344827586206896	0.06896551724137931	0.3333333333333333	0.3448275862068966	0.3275862068965517	0.0	0.13793103448275862	0.08620689655172414	0.3333333333333333	0.3103448275862069	0.3103448275862069	0.0	0.06896551724137931	0.05172413793103448	0.3333333333333333	0.3103448275862069	0.3103448275862069	0.13793103448275862	0.3448275862068966	0.08620689655172414	0.3275862068965517
5	12	29	58	False	0.08333333333333333	0.034482758620689655	0.05172413793103448	0.25	0.3448275862068966	0.3275862068965517	0.08333333333333333	0.034482758620689655	0.08620689655172414	0.25	0.3448275862068966	0.3275862068965517	0.08333333333333333	0.034482758620689655	0.06896551724137931	0.25	0.3448275862068966	0.3275862068965517	0.16666666666666666	0.034482758620689655	0.08620689655172414	0.25	0.3448275862068966	0.3103448275862069	0.08333333333333333	0.034482758620689655	0.05172413793103448	0.25	0.3448275862068966	0.3103448275862069	0.034482758620689655	0.3448275862068966	0.08620689655172414	0.3275862068965517
6	12	29	58	False	0.0	0.10344827586206896	0.05172413793103448	0.3333333333333333	0.3448275862068966	0.3275862068965517	0.0	0.13793103448275862	0.08620689655172414	0.3333333333333333	0.3103448275862069	0.3275862068965517	0.0	0.10344827586206896	0.06896551724137931	0.3333333333333333	0.3103448275862069	0.3275862068965517	0.0	0.13793103448275862	0.08620689655172414	0.3333333333333333	0.3103448275862069	0.3103448275862069	0.0	0.10344827586206896	0.05172413793103448	0.3333333333333333	0.3103448275862069	0.3103448275862069	0.13793103448275862	0.3448275862068966	0.08620689655172414	0.3275862068965517
7	12	29	58	False	0.0	0.10344827586206896	0.05172413793103448	0.4166666666666667	0.3103448275862069	0.3275862068965517	0.08333333333333333	0.13793103448275862	0.08620689655172414	0.5	0.3103448275862069	0.3275862068965517	0.08333333333333333	0.10344827586206896	0.06896551724137931	0.5	0.3103448275862069	0.3275862068965517	0.0	0.1724137931034483	0.08620689655172414	0.4166666666666667	0.3103448275862069	0.3103448275862069	0.0	0.10344827586206896	0.05172413793103448	0.4166666666666667	0.3103448275862069	0.3103448275862069	0.1724137931034483	0.3103448275862069	0.08620689655172414	0.3275862068965517
8	12	29	58	False	0.0	0.06896551724137931	0.05172413793103448	0.16666666666666666	0.4482758620689655	0.3275862068965517	0.16666666666666666	0.06896551724137931	0.08620689655172414	0.25	0.41379310344827586	0.3275862068965517	0.08333333333333333	0.06896551724137931	0.06896551724137931	0.25	0.41379310344827586	0.3275862068965517	0.08333333333333333	0.06896551724137931	0.08620689655172414	0.16666666666666666	0.41379310344827586	0.3103448275862069	0.0	0.06896551724137931	0.05172413793103448	0.16666666666666666	0.41379310344827586	0.3103448275862069	0.06896551724137931	0.4482758620689655	0.08620689655172414	0.3275862068965517
9	12	29	58	False	0.08333333333333333	0.06896551724137931	0.05172413793103448	0.4166666666666667	0.3448275862068966	0.3275862068965517	0.16666666666666666	0.10344827586206896	0.08620689655172414	0.3333333333333333	0.3793103448275862	0.3275862068965517	0.08333333333333333	0.10344827586206896	0.06896551724137931	0.3333333333333333	0.3793103448275862	0.3275862068965517	0.16666666666666666	0.10344827586206896	0.08620689655172414	0.3333333333333333	0.3448275862068966	0.3103448275862069	0.08333333333333333	0.06896551724137931	0.05172413793103448	0.3333333333333333	0.3448275862068966	0.3103448275862069	0.10344827586206896	0.3793103448275862	0.08620689655172414	0.3275862068965517
10	12	29	58	False	0.08333333333333333	0.034482758620689655	0.05172413793103448	0.25	0.41379310344827586	0.3275862068965517	0.25	0.034482758620689655	0.08620689655172414	0.3333333333333333	0.41379310344827586	0.3275862068965517	0.16666666666666666	0.034482758620689655	0.06896551724137931	0.3333333333333333	0.41379310344827586	0.3275862068965517	0.16666666666666666	0.034482758620689655	0.08620689655172414	0.25	0.41379310344827586	0.3103448275862069	0.08333333333333333	0.034482758620689655	0.05172413793103448	0.25	0.41379310344827586	0.3103448275862069	0.034482758620689655	0.41379310344827586	0.08620689655172414	0.3275862068965517
11	12	29	58	False	0.0	0.034482758620689655	0.05172413793103448	0.4166666666666667	0.27586206896551724	0.3275862068965517	0.0	0.10344827586206896	0.08620689655172414	0.4166666666666667	0.27586206896551724	0.3275862068965517	0.0	0.06896551724137931	0.06896551724137931	0.4166666666666667	0.27586206896551724	0.3275862068965517	0.0	0.10344827586206896	0.08620689655172414	0.4166666666666667	0.2413793103448276	0.3103448275862069	0.0	0.034482758620689655	0.05172413793103448	0.4166666666666667	0.2413793103448276	0.3103448275862069	0.10344827586206896	0.27586206896551724	0.08620689655172414	0.3275862068965517
12	12	29	58	False	0.0	0.06896551724137931	0.05172413793103448	0.25	0.3448275862068966	0.3275862068965517	0.08333333333333333	0.10344827586206896	0.08620689655172414	0.3333333333333333	0.3448275862068966	0.3275862068965517	0.08333333333333333	0.06896551724137931	0.06896551724137931	0.3333333333333333	0.3448275862068966	0.3275862068965517	0.0	0.13793103448275862	0.08620689655172414	0.25	0.3448275862068966	0.3103448275862069	0.0	0.06896551724137931	0.05172413793103448	0.25	0.3448275862068966	0.3103448275862069	0.13793103448275862	0.3448275862068966	0.08620689655172414	0.3275862068965517
13	12	29	58	False	0.0	0.10344827586206896	0.05172413793103448	0.3333333333333333	0.3793103448275862	0.3275862068965517	0.0	0.1724137931034483	0.08620689655172414	0.3333333333333333	0.41379310344827586	0.3275862068965517	0.0	0.13793103448275862	0.06896551724137931	0.3333333333333333	0.41379310344827586	0.3275862068965517	0.08333333333333333	0.13793103448275862	0.08620689655172414	0.3333333333333333	0.3793103448275862	0.3103448275862069	0.0	0.10344827586206896	0.05172413793103448	0.3333333333333333	0.3793103448275862	0.3103448275862069	0.1724137931034483	0.41379310344827586	0.08620689655172414	0.3275862068965517
14	12	29	58	False	0.0	0.10344827586206896	0.05172413793103448	0.08333333333333333	0.3793103448275862	0.3275862068965517	0.08333333333333333	0.13793103448275862	0.08620689655172414	0.16666666666666666	0.3448275862068966	0.3275862068965517	0.08333333333333333	0.10344827586206896	0.06896551724137931	0.16666666666666666	0.3448275862068966	0.3275862068965517	0.0	0.13793103448275862	0.08620689655172414	0.08333333333333333	0.3448275862068966	0.3103448275862069	0.0	0.10344827586206896	0.05172413793103448	0.08333333333333333	0.3448275862068966	0.3103448275862069	0.13793103448275862	0.3793103448275862	0.08620689655172414	0.3275862068965517
15	12	29	58	False	0.0	0.0	0.05172413793103448	0.5	0.3103448275862069	0.3275862068965517	0.0	0.034482758620689655	0.08620689655172414	0.5	0.27586206896551724	0.3275862068965517	0.0	0.0	0.06896551724137931	0.5	0.27586206896551724	0.3275862068965517	0.0	0.06896551724137931	0.08620689655172414	0.5	0.27586206896551724	0.3103448275862069	0.0	0.0	0.05172413793103448	0.5	0.27586206896551724	0.3103448275862069	0.06896551724137931	0.3103448275862069	0.08620689655172414	0.3275862068965517
16	12	29	58	False	0.16666666666666666	0.034482758620689655	0.05172413793103448	0.3333333333333333	0.3793103448275862	0.3275862068965517	0.16666666666666666	0.06896551724137931	0.08620689655172414	0.3333333333333333	0.3448275862068966	0.3275862068965517	0.16666666666666666	0.034482758620689655	0.06896551724137931	0.3333333333333333	0.3448275862068966	0.3275862068965517	0.16666666666666666	0.10344827586206896	0.08620689655172414	0.3333333333333333	0.3448275862068966	0.3103448275862069	0.16666666666666666	0.034482758620689655	0.05172413793103448	0.3333333333333333	0.3448275862068966	0.3103448275862069	0.10344827586206896	0.3793103448275862	0.08620689655172414	0.3275862068965517
17	12	29	58	False	0.08333333333333333	0.034482758620689655	0.05172413793103448	0.5	0.27586206896551724	0.3275862068965517	0.08333333333333333	0.10344827586206896	0.08620689655172414	0.4166666666666667	0.3103448275862069	0.3275862068965517	0.08333333333333333	0.06896551724137931	0.06896551724137931	0.4166666666666667	0.3103448275862069	0.3275862068965517	0.08333333333333333	0.10344827586206896	0.08620689655172414	0.4166666666666667	0.27586206896551724	0.3103448275862069	0.08333333333333333	0.034482758620689655	0.05172413793103448	0.4166666666666667	0.27586206896551724	0.3103448275862069	0.10344827586206896	0.3103448275862069	0.08620689655172414	0.3275862068965517
18	12	29	58	False	0.0	0.034482758620689655	0.05172413793103448	0.5	0.27586206896551724	0.3275862068965517	0.0	0.06896551724137931	0.08620689655172414	0.4166666666666667	0.3103448275862069	0.3275862068965517	0.0	0.06896551724137931	0.06896551724137931	0.4166666666666667	0.3103448275862069	0.3275862068965517	0.08333333333333333	0.034482758620689655	0.08620689655172414	0.4166666666666667	0.27586206896551724	0.3103448275862069	0.0	0.034482758620689655	0.05172413793103448	0.4166666666666667	0.27586206896551724	0.3103448275862069	0.06896551724137931	0.3103448275862069	0.08620689655172414	0.3275862068965517
19	12	29	58	False	0.0	0.06896551724137931	0.05172413793103448	0.5	0.27586206896551724	0.3275862068965517	0.0	0.10344827586206896	0.08620689655172414	0.5	0.2413793103448276	0.3275862068965517	0.0	0.06896551724137931	0.06896551724137931	0.5	0.2413793103448276	0.3275862068965517	0.0	0.10344827586206896	0.08620689655172414	0.5	0.2413793103448276	0.3103448275862069	0.0	0.06896551724137931	0.05172413793103448	0.5	0.2413793103448276	0.3103448275862069	0.10344827586206896	0.27586206896551724	0.08620689655172414	0.3275862068965517
20	12	29	58	False	0.0	0.06896551724137931	0.05172413793103448	0.3333333333333333	0.3103448275862069	0.3275862068965517	0.0	0.10344827586206896	0.08620689655172414	0.3333333333333333	0.27586206896551724	0.3275862068965517	0.0	0.06896551724137931	0.06896551724137931	0.3333333333333333	0.27586206896551724	0.3275862068965517	0.0	0.10344827586206896	0.08620689655172414	0.3333333333333333	0.27586206896551724	0.3103448275862069	0.0	0.06896551724137931	0.05172413793103448	0.3333333333333333	0.27586206896551724	0.3103448275862069	0.10344827586206896	0.3103448275862069	0.08620689655172414	0.3275862068965517
